{"cameraMode":{"drawMode":0,"name":"Shaded","section":"Shading Mode"},"sceneLighting":true,"audioPlay":false,"sceneViewState":{"m_AlwaysRefresh":false,"showFog":true,"showSkybox":true,"showFlares":true,"showImageEffects":true,"showParticleSystems":true,"showVisualEffectGraphs":true,"m_FxEnabled":true},"in2DMode":false,"pivot":{"x":10.702373504638672,"y":2.8158950805664064,"z":-1.1750383377075196},"rotation":{"x":-0.20582900941371919,"y":0.0005848284927196801,"z":-0.00012268922000657767,"w":-0.9785953164100647},"size":12.624210357666016,"orthographic":false}